Index,Value,Time,Iterations
1,572292,2.2900057956576347e-05,14
2,194717,1.6999896615743637e-05,16
3,243512,1.5900004655122757e-05,14
4,345008,1.0499963536858559e-05,13
5,33442,2.110004425048828e-05,12
6,305782,1.5799887478351593e-05,12
7,298121,3.600027412176132e-06,12
8,900106,6.3999323174357414e-06,14
9,634988,3.900029696524143e-06,11
10,571267,3.899913281202316e-06,9
11,600170,5.300040356814861e-06,12
12,869880,5.100038833916187e-06,13
13,962088,3.500026650726795e-06,12
14,640706,4.100031219422817e-06,12
15,271630,5.299923941493034e-06,12
16,102905,1.279998105019331e-05,16
17,492706,5.100038833916187e-06,12
18,591540,3.8000289350748062e-06,12
19,113271,5.400041118264198e-06,14
20,326990,3.400025889277458e-06,12
21,251177,4.900037311017513e-06,12
22,907826,8.00006091594696e-06,14
23,329052,5.100038833916187e-06,12
24,71227,1.2599979527294636e-05,20
25,882139,7.100054062902927e-06,14
26,685882,5.09992241859436e-06,12
27,817284,5.700043402612209e-06,12
28,704164,5.00003807246685e-06,12
29,285485,7.899943739175797e-06,14
30,556002,1.0499963536858559e-05,18
31,365150,1.1199968867003918e-05,18
32,804940,6.5999338403344154e-06,14
33,959790,8.199946023523808e-06,14
34,879955,6.299931555986404e-06,12
35,658258,1.9000028260052204e-05,14
36,315363,5.900044925510883e-06,13
37,728632,9.899958968162537e-06,16
38,139859,6.299931555986404e-06,14
39,878992,3.200024366378784e-06,12
40,147712,1.0699965059757233e-05,12
41,685076,6.200047209858894e-06,12
42,473519,5.899928510189056e-06,12
43,123590,1.0999967344105244e-05,16
44,603891,7.5999414548277855e-06,14
45,99686,7.79994297772646e-06,14
46,141155,5.899928510189056e-06,8
47,982083,8.79995059221983e-06,14
48,306672,7.999944500625134e-06,13
49,134735,7.800059393048286e-06,14
50,957221,7.200054824352264e-06,11
51,403658,8.00006091594696e-06,10
52,680619,8.200062438845634e-06,14
53,689181,6.200047209858894e-06,16
54,624967,6.09993003308773e-06,12
55,627463,5.599926225841045e-06,11
56,872229,4.600035026669502e-06,12
57,952661,6.6999346017837524e-06,12
58,603248,5.199923180043697e-06,12
59,304790,3.400025889277458e-06,12
60,334440,6.9999368861317635e-06,14
61,356294,6.3999323174357414e-06,14
62,646585,5.800044164061546e-06,13
63,604503,5.500041879713535e-06,14
64,54649,2.600019797682762e-06,10
65,694100,2.300017513334751e-06,12
66,84480,3.8000289350748062e-06,14
67,816012,5.299923941493034e-06,18
68,660217,2.500019036233425e-06,13
69,297789,3.500026650726795e-06,15
70,812162,5.199923180043697e-06,22
71,54693,3.200024366378784e-06,14
72,125372,4.899920895695686e-06,18
73,313041,2.300017513334751e-06,12
74,573576,3.00002284348011e-06,14
75,37056,3.00002284348011e-06,14
76,879731,2.600019797682762e-06,14
77,722917,3.00002284348011e-06,12
78,970153,3.600027412176132e-06,16
79,50493,2.700020559132099e-06,14
80,394484,2.400018274784088e-06,12
81,757996,3.500026650726795e-06,14
82,505233,3.1999079510569572e-06,14
83,180056,2.800021320581436e-06,14
84,84241,2.900022082030773e-06,14
85,717239,2.399901859462261e-06,12
86,777023,3.00002284348011e-06,13
87,735861,2.900022082030773e-06,14
88,752654,2.300017513334751e-06,12
89,696186,2.500019036233425e-06,14
90,366832,2.600019797682762e-06,14
91,600565,2.500019036233425e-06,11
92,100085,2.299901098012924e-06,12
93,178209,2.400018274784088e-06,12
94,524145,2.300017513334751e-06,7
95,904476,3.300025127828121e-06,14
96,855724,3.00002284348011e-06,14
97,721773,2.600019797682762e-06,13
98,760830,2.900022082030773e-06,14
99,858079,2.09989957511425e-06,12
100,855160,2.500019036233425e-06,12
101,622561,2.200016751885414e-06,12
102,258718,2.100015990436077e-06,12
103,211214,2.399901859462261e-06,12
104,710161,2.900022082030773e-06,13
105,845507,2.700020559132099e-06,14
106,285154,2.200016751885414e-06,12
107,140769,2.00001522898674e-06,12
108,942922,5.300040356814861e-06,16
109,834641,3.7999125197529793e-06,14
110,641422,3.500026650726795e-06,13
111,508785,4.400033503770828e-06,12
112,218765,4.100031219422817e-06,12
113,246302,3.700028173625469e-06,12
114,356877,4.700035788118839e-06,12
115,982838,4.00003045797348e-06,12
116,376830,3.600027412176132e-06,12
117,608634,5.100038833916187e-06,14
118,166320,3.6999117583036423e-06,12
119,87558,4.500034265220165e-06,14
120,241708,3.2999087125062943e-06,10
121,488756,5.100038833916187e-06,14
122,270182,3.6999117583036423e-06,12
123,904742,3.500026650726795e-06,16
124,236069,2.700020559132099e-06,11
125,341454,3.100023604929447e-06,13
126,877662,5.700043402612209e-06,19
127,71393,2.499902620911598e-06,12
128,922061,2.800021320581436e-06,14
129,220192,2.500019036233425e-06,12
130,162944,3.600027412176132e-06,16
131,938583,2.400018274784088e-06,11
132,550104,2.500019036233425e-06,12
133,768200,2.500019036233425e-06,12
134,762664,2.399901859462261e-06,12
135,32443,3.100023604929447e-06,14
136,183891,3.300025127828121e-06,15
137,415587,2.7999049052596092e-06,12
138,204653,2.600019797682762e-06,12
139,942895,3.00002284348011e-06,14
140,84860,2.299901098012924e-06,12
141,973805,2.00001522898674e-06,12
142,631741,2.00001522898674e-06,10
143,601069,1.9000144675374031e-06,12
144,572597,2.199900336563587e-06,12
145,398652,2.100015990436077e-06,12
146,486209,2.400018274784088e-06,12
147,660487,4.300032742321491e-06,18
148,562284,2.500019036233425e-06,14
149,848387,2.100015990436077e-06,12
150,658973,2.00001522898674e-06,12
151,840339,5.299923941493034e-06,20
152,792707,5.100038833916187e-06,20
153,299176,2.500019036233425e-06,14
154,619611,2.100015990436077e-06,12
155,944505,3.100023604929447e-06,13
156,915719,2.100015990436077e-06,12
157,810243,1.999898813664913e-06,10
158,345567,4.900037311017513e-06,20
159,263963,2.200016751885414e-06,12
160,584708,3.7999125197529793e-06,16
161,846917,2.200016751885414e-06,10
162,900486,3.600027412176132e-06,16
163,198618,2.500019036233425e-06,13
164,988317,2.200016751885414e-06,12
165,290271,1.9000144675374031e-06,9
166,993931,2.200016751885414e-06,12
167,683570,4.899920895695686e-06,20
168,767959,2.00001522898674e-06,12
169,629007,2.600019797682762e-06,14
170,665856,2.299901098012924e-06,12
171,229227,2.00001522898674e-06,12
172,131348,2.600019797682762e-06,14
173,421955,3.400025889277458e-06,16
174,844084,3.300025127828121e-06,16
175,89764,2.00001522898674e-06,12
176,467772,4.300032742321491e-06,18
177,703139,3.300025127828121e-06,16
178,919279,2.100015990436077e-06,12
179,728152,2.400018274784088e-06,14
180,16484,2.199900336563587e-06,12
181,135949,2.400018274784088e-06,14
182,662854,3.300025127828121e-06,16
183,405079,2.00001522898674e-06,12
184,285803,1.8998980522155762e-06,12
185,611721,3.400025889277458e-06,15
186,369958,3.900029696524143e-06,16
187,200379,1.999898813664913e-06,12
188,848691,2.00001522898674e-06,12
189,966069,2.00001522898674e-06,12
190,779305,3.600027412176132e-06,16
191,593288,3.999914042651653e-06,18
192,125369,2.00001522898674e-06,12
193,953989,2.600019797682762e-06,14
194,145290,1.999898813664913e-06,10
195,288388,3.00002284348011e-06,14
196,928191,2.900022082030773e-06,14
197,416250,2.700020559132099e-06,13
198,435167,2.600019797682762e-06,14
199,248705,4.200031980872154e-06,18
200,341020,2.100015990436077e-06,12
201,323143,2.299901098012924e-06,12
202,674418,2.500019036233425e-06,12
203,711135,2.500019036233425e-06,14
204,955636,2.200016751885414e-06,12
205,931064,2.100015990436077e-06,12
206,308612,4.700035788118839e-06,16
207,991320,4.399917088449001e-06,12
208,144535,4.800036549568176e-06,15
209,274563,3.0999071896076202e-06,12
210,604909,4.500034265220165e-06,12
211,659988,6.3999323174357414e-06,14
212,618554,8.199946023523808e-06,16
213,426016,4.400033503770828e-06,14
214,528823,3.600027412176132e-06,12
215,582805,3.500026650726795e-06,12
216,54244,3.900029696524143e-06,11
217,881619,4.200031980872154e-06,12
218,24933,5.100038833916187e-06,12
219,445145,8.399947546422482e-06,16
220,612407,1.079996582120657e-05,16
221,891483,1.0399962775409222e-05,18
222,382468,5.899928510189056e-06,14
223,966236,6.8999361246824265e-06,14
224,583053,6.100046448409557e-06,14
225,58913,4.199915565550327e-06,12
226,133463,6.300047971308231e-06,16
227,250386,3.8000289350748062e-06,12
228,443511,5.400041118264198e-06,16
229,768340,3.8000289350748062e-06,12
230,741454,5.00003807246685e-06,14
231,334306,6.6999346017837524e-06,16
232,762973,3.600027412176132e-06,12
233,954968,5.900044925510883e-06,15
234,859050,4.100031219422817e-06,16
235,545111,2.200016751885414e-06,12
236,822980,5.300040356814861e-06,18
237,588104,3.999914042651653e-06,16
238,790386,3.300025127828121e-06,14
239,184165,3.00002284348011e-06,14
240,14073,2.6999041438102722e-06,14
241,462798,3.700028173625469e-06,14
242,928350,2.8999056667089462e-06,14
243,272951,2.00001522898674e-06,9
244,188118,3.00002284348011e-06,14
245,8211,4.399917088449001e-06,16
246,570944,3.300025127828121e-06,14
247,354129,3.8000289350748062e-06,14
248,766180,2.299901098012924e-06,10
249,159964,3.200024366378784e-06,14
250,55486,2.700020559132099e-06,12
251,766988,2.500019036233425e-06,12
252,631517,3.200024366378784e-06,14
253,585667,5.400041118264198e-06,18
254,704282,2.599903382360935e-06,12
255,878394,3.400025889277458e-06,13
256,279630,4.300032742321491e-06,16
257,347154,2.599903382360935e-06,12
258,727053,3.500026650726795e-06,14
259,942639,3.00002284348011e-06,12
260,33233,2.6999041438102722e-06,14
261,120491,2.400018274784088e-06,12
262,587528,3.500026650726795e-06,16
263,114842,3.2999087125062943e-06,14
264,764630,2.700020559132099e-06,11
265,338115,2.300017513334751e-06,12
266,227497,2.300017513334751e-06,12
267,219199,3.100023604929447e-06,14
268,116854,3.300025127828121e-06,12
269,408522,2.600019797682762e-06,14
270,95542,3.00002284348011e-06,14
271,111585,2.500019036233425e-06,12
272,546099,5.600042641162872e-06,20
273,771823,2.300017513334751e-06,11
274,494041,3.8000289350748062e-06,16
275,1770,4.199915565550327e-06,16
276,785428,2.400018274784088e-06,12
277,756402,2.400018274784088e-06,12
278,920578,3.400025889277458e-06,15
279,554266,3.400025889277458e-06,13
280,77561,3.300025127828121e-06,14
281,811546,2.400018274784088e-06,12
282,902714,3.700028173625469e-06,16
283,724230,2.500019036233425e-06,12
284,6675,7.0999376475811005e-06,24
285,615945,3.200024366378784e-06,12
286,311233,3.8000289350748062e-06,15
287,129144,2.300017513334751e-06,12
288,750770,2.300017513334751e-06,12
289,880859,3.100023604929447e-06,14
290,940833,2.399901859462261e-06,12
291,617091,2.400018274784088e-06,12
292,902765,2.800021320581436e-06,14
293,512521,2.500019036233425e-06,12
294,58715,4.700035788118839e-06,18
295,295718,2.900022082030773e-06,12
296,695884,2.7999049052596092e-06,14
297,188131,3.900029696524143e-06,15
298,794344,4.700035788118839e-06,18
299,240959,2.8999056667089462e-06,13
300,298886,3.100023604929447e-06,14
301,164356,5.00003807246685e-06,18
302,884683,2.900022082030773e-06,14
303,616254,2.600019797682762e-06,10
304,861059,3.100023604929447e-06,14
305,241761,4.100031219422817e-06,16
306,526500,2.400018274784088e-06,12
307,575525,2.700020559132099e-06,12
308,206341,4.00003045797348e-06,15
309,429830,3.300025127828121e-06,13
310,452132,2.800021320581436e-06,12
311,5151,3.500026650726795e-06,13
312,530904,4.00003045797348e-06,14
313,591593,4.199915565550327e-06,16
314,813915,2.800021320581436e-06,12
315,924522,2.500019036233425e-06,12
316,534446,2.8999056667089462e-06,14
317,75635,4.800036549568176e-06,18
318,477677,4.400033503770828e-06,16
319,770362,5.200039595365524e-06,20
320,600890,3.00002284348011e-06,14
321,55272,2.300017513334751e-06,12
322,307475,3.8000289350748062e-06,16
323,441753,2.700020559132099e-06,12
324,428214,2.400018274784088e-06,12
325,288978,5.600042641162872e-06,20
326,288549,3.100023604929447e-06,14
327,363882,2.7999049052596092e-06,12
328,619287,2.200016751885414e-06,11
329,46213,2.500019036233425e-06,12
330,676074,2.500019036233425e-06,11
331,169703,2.400018274784088e-06,12
332,250616,2.300017513334751e-06,12
333,995290,2.100015990436077e-06,12
334,947797,2.8999056667089462e-06,14
335,659537,3.700028173625469e-06,14
336,635196,2.700020559132099e-06,13
337,783054,3.1999079510569572e-06,14
338,529534,3.700028173625469e-06,16
339,211841,3.00002284348011e-06,14
340,418757,4.799920134246349e-06,16
341,848892,3.900029696524143e-06,16
342,394222,2.500019036233425e-06,12
343,468646,2.8999056667089462e-06,12
344,18753,2.300017513334751e-06,12
345,864087,2.400018274784088e-06,12
346,442988,2.400018274784088e-06,12
347,377552,3.100023604929447e-06,13
348,592029,2.00001522898674e-06,12
349,869368,2.500019036233425e-06,12
350,473603,2.6999041438102722e-06,12
351,932647,2.300017513334751e-06,12
352,558449,2.200016751885414e-06,11
353,371562,2.400018274784088e-06,12
354,724151,4.00003045797348e-06,16
355,727568,4.100031219422817e-06,16
356,768100,5.599926225841045e-06,20
357,664163,3.300025127828121e-06,14
358,207640,3.300025127828121e-06,14
359,337553,2.400018274784088e-06,12
360,344834,2.600019797682762e-06,14
361,774891,2.700020559132099e-06,12
362,688855,2.299901098012924e-06,12
363,66532,2.700020559132099e-06,12
364,215162,2.300017513334751e-06,12
365,338858,2.500019036233425e-06,11
366,519690,3.200024366378784e-06,14
367,465730,3.700028173625469e-06,15
368,515373,2.800021320581436e-06,14
369,508565,2.100015990436077e-06,12
370,312507,2.100015990436077e-06,10
371,459430,2.400018274784088e-06,12
372,889258,4.499917849898338e-06,15
373,36386,2.900022082030773e-06,12
374,117123,2.600019797682762e-06,14
375,22619,2.399901859462261e-06,12
376,255593,2.300017513334751e-06,12
377,494872,4.100031219422817e-06,16
378,637350,2.7999049052596092e-06,14
379,378465,3.100023604929447e-06,14
380,253734,3.600027412176132e-06,15
381,63933,4.699919372797012e-06,18
382,148080,2.500019036233425e-06,12
383,378780,2.800021320581436e-06,13
384,614999,2.7999049052596092e-06,12
385,941920,6.00004568696022e-06,22
386,428925,3.8000289350748062e-06,14
387,200524,3.500026650726795e-06,13
388,311017,2.200016751885414e-06,12
389,815478,2.400018274784088e-06,12
390,481069,3.600027412176132e-06,14
391,758176,3.500026650726795e-06,14
392,269655,2.300017513334751e-06,12
393,868771,2.700020559132099e-06,12
394,297229,4.800036549568176e-06,18
395,67509,3.8000289350748062e-06,16
396,84532,2.800021320581436e-06,14
397,781400,2.300017513334751e-06,11
398,30276,3.900029696524143e-06,16
399,731159,4.00003045797348e-06,16
400,593295,2.600019797682762e-06,12
401,691944,4.199915565550327e-06,12
402,315290,4.00003045797348e-06,16
403,172824,2.900022082030773e-06,14
404,710772,2.199900336563587e-06,12
405,830269,3.8000289350748062e-06,14
406,608645,4.400033503770828e-06,14
407,865760,2.599903382360935e-06,12
408,292501,3.500026650726795e-06,14
409,941620,2.400018274784088e-06,9
410,311028,4.599918611347675e-06,16
411,195754,2.500019036233425e-06,12
412,160312,3.200024366378784e-06,14
413,783904,2.9999064281582832e-06,14
414,154842,3.500026650726795e-06,14
415,88844,2.400018274784088e-06,12
416,607802,3.5999109968543053e-06,14
417,630996,4.900037311017513e-06,18
418,456143,2.900022082030773e-06,12
419,754339,3.00002284348011e-06,11
420,933789,2.300017513334751e-06,11
421,870538,3.200024366378784e-06,14
422,894758,3.500026650726795e-06,14
423,882333,2.600019797682762e-06,14
424,314057,3.200024366378784e-06,14
425,847668,2.300017513334751e-06,12
426,298271,3.8000289350748062e-06,16
427,62280,2.500019036233425e-06,12
428,48927,3.500026650726795e-06,14
429,706007,2.900022082030773e-06,12
430,240575,3.900029696524143e-06,16
431,263542,5.100038833916187e-06,17
432,715439,2.300017513334751e-06,12
433,519045,2.100015990436077e-06,10
434,572934,2.800021320581436e-06,12
435,521683,4.100031219422817e-06,16
436,775650,3.7999125197529793e-06,16
437,473186,2.600019797682762e-06,12
438,816567,3.200024366378784e-06,14
439,117884,2.400018274784088e-06,12
440,747245,2.500019036233425e-06,12
441,811567,4.200031980872154e-06,16
442,364251,2.800021320581436e-06,12
443,684140,2.500019036233425e-06,11
444,263536,2.700020559132099e-06,12
445,916748,2.300017513334751e-06,12
446,969867,2.299901098012924e-06,12
447,442143,2.400018274784088e-06,12
448,582933,2.700020559132099e-06,12
449,575335,4.200031980872154e-06,16
450,760247,2.700020559132099e-06,12
451,199735,2.399901859462261e-06,11
452,609372,3.00002284348011e-06,14
453,429087,2.300017513334751e-06,10
454,607142,2.800021320581436e-06,12
455,634625,4.600035026669502e-06,18
456,638030,3.100023604929447e-06,13
457,987996,3.6999117583036423e-06,14
458,914483,3.400025889277458e-06,14
459,678125,2.300017513334751e-06,12
460,432603,4.299916326999664e-06,14
461,104493,2.700020559132099e-06,12
462,860965,3.500026650726795e-06,16
463,199400,2.600019797682762e-06,14
464,955373,3.100023604929447e-06,12
465,391383,5.300040356814861e-06,18
466,730876,3.5999109968543053e-06,13
467,497625,2.400018274784088e-06,12
468,450341,2.800021320581436e-06,14
469,589055,2.7999049052596092e-06,14
470,688892,2.400018274784088e-06,12
471,595560,2.400018274784088e-06,12
472,288256,2.200016751885414e-06,12
473,604823,7.6000578701496124e-06,26
474,437399,3.700028173625469e-06,14
475,910113,2.9999064281582832e-06,14
476,18140,2.900022082030773e-06,14
477,644043,5.799927748739719e-06,20
478,509249,2.300017513334751e-06,12
479,827242,2.600019797682762e-06,12
480,352398,3.400025889277458e-06,14
481,317586,2.200016751885414e-06,12
482,709432,2.700020559132099e-06,14
483,248686,2.500019036233425e-06,12
484,99585,3.5999109968543053e-06,16
485,145342,3.500026650726795e-06,15
486,720807,2.800021320581436e-06,14
487,829510,2.700020559132099e-06,12
488,541458,3.100023604929447e-06,13
489,894704,2.100015990436077e-06,12
490,610785,3.6999117583036423e-06,16
491,486498,3.500026650726795e-06,16
492,220951,2.900022082030773e-06,14
493,601801,2.299901098012924e-06,10
494,403329,2.500019036233425e-06,12
495,392041,3.100023604929447e-06,14
496,472208,2.599903382360935e-06,13
497,728553,3.500026650726795e-06,16
498,638068,5.700043402612209e-06,20
499,48528,2.300017513334751e-06,12
500,191734,2.800021320581436e-06,14
501,759854,3.200024366378784e-06,9
502,917093,2.499902620911598e-06,12
503,721810,3.700028173625469e-06,15
504,511738,2.700020559132099e-06,12
505,498517,3.2999087125062943e-06,14
506,271638,2.300017513334751e-06,11
507,758091,2.300017513334751e-06,10
508,879975,3.0999071896076202e-06,14
509,533924,2.800021320581436e-06,12
510,685341,2.400018274784088e-06,12
511,774497,3.00002284348011e-06,14
512,246487,3.00002284348011e-06,12
513,788650,3.200024366378784e-06,14
514,39090,2.700020559132099e-06,12
515,197039,5.200039595365524e-06,20
516,698816,2.400018274784088e-06,12
517,200364,2.599903382360935e-06,11
518,335481,2.500019036233425e-06,12
519,512229,7.300055585801601e-06,24
520,382153,3.700028173625469e-06,16
521,232107,6.100046448409557e-06,20
522,612524,2.299901098012924e-06,11
523,205568,2.300017513334751e-06,12
524,793012,3.500026650726795e-06,14
525,142016,2.7999049052596092e-06,14
526,579797,2.800021320581436e-06,12
527,158198,6.00004568696022e-06,21
528,439596,3.500026650726795e-06,14
529,364826,2.00001522898674e-06,9
530,829863,4.300032742321491e-06,16
531,720882,3.900029696524143e-06,15
532,918350,3.100023604929447e-06,12
533,274882,2.7999049052596092e-06,11
534,48947,2.400018274784088e-06,11
535,692371,2.200016751885414e-06,10
536,224346,2.00001522898674e-06,11
537,411432,2.800021320581436e-06,14
538,719617,2.200016751885414e-06,12
539,434413,2.900022082030773e-06,14
540,56515,2.6999041438102722e-06,14
541,619075,2.500019036233425e-06,12
542,947674,4.300032742321491e-06,18
543,755022,3.4999102354049683e-06,14
544,688487,3.300025127828121e-06,14
545,442596,2.300017513334751e-06,12
546,150704,1.999898813664913e-06,12
547,710046,3.900029696524143e-06,18
548,473197,4.00003045797348e-06,18
549,293779,3.6999117583036423e-06,14
550,153861,2.200016751885414e-06,11
551,670989,2.600019797682762e-06,12
552,382500,2.7999049052596092e-06,14
553,546455,3.300025127828121e-06,14
554,56880,2.800021320581436e-06,14
555,602854,2.600019797682762e-06,12
556,108131,2.300017513334751e-06,12
557,990762,2.600019797682762e-06,14
558,847743,2.300017513334751e-06,11
559,901087,2.599903382360935e-06,14
560,697326,2.400018274784088e-06,12
561,638245,2.00001522898674e-06,12
562,487787,4.899920895695686e-06,18
563,417563,4.100031219422817e-06,15
564,499821,3.00002284348011e-06,13
565,196022,2.199900336563587e-06,12
566,249758,3.200024366378784e-06,14
567,182237,4.300032742321491e-06,18
568,409826,1.999898813664913e-06,12
569,287530,3.900029696524143e-06,15
570,67675,2.500019036233425e-06,12
571,349352,2.599903382360935e-06,14
572,380592,5.300040356814861e-06,20
573,928239,5.299923941493034e-06,20
574,957322,2.800021320581436e-06,13
575,920553,3.00002284348011e-06,14
576,957958,2.100015990436077e-06,12
577,61320,2.200016751885414e-06,12
578,225264,2.100015990436077e-06,11
579,411735,3.00002284348011e-06,14
580,603591,3.4999102354049683e-06,13
581,650981,2.500019036233425e-06,10
582,286431,4.200031980872154e-06,16
583,510070,2.399901859462261e-06,12
584,584518,4.100031219422817e-06,16
585,688608,4.400033503770828e-06,17
586,547914,2.00001522898674e-06,10
587,621647,2.500019036233425e-06,14
588,184519,2.200016751885414e-06,8
589,558753,2.199900336563587e-06,12
590,898016,2.400018274784088e-06,11
591,393785,3.00002284348011e-06,14
592,810406,3.5999109968543053e-06,14
593,243647,3.00002284348011e-06,14
594,604815,2.200016751885414e-06,12
595,920969,6.299931555986404e-06,22
596,793539,2.300017513334751e-06,12
597,790248,2.700020559132099e-06,12
598,418987,2.499902620911598e-06,14
599,105992,3.600027412176132e-06,14
600,775639,1.800013706088066e-06,8
601,793620,2.00001522898674e-06,11
602,925806,2.400018274784088e-06,12
603,363250,2.300017513334751e-06,12
604,954963,2.600019797682762e-06,14
605,725997,2.9999064281582832e-06,14
606,440700,2.300017513334751e-06,12
607,413844,2.100015990436077e-06,8
608,652211,2.700020559132099e-06,12
609,359945,3.700028173625469e-06,14
610,263845,3.200024366378784e-06,14
611,985138,3.300025127828121e-06,14
612,981177,3.100023604929447e-06,14
613,270720,3.400025889277458e-06,14
614,859830,2.700020559132099e-06,13
615,787853,3.400025889277458e-06,14
616,282329,3.500026650726795e-06,14
617,14397,3.3999094739556313e-06,15
618,204430,3.100023604929447e-06,14
619,91335,2.700020559132099e-06,14
620,457028,4.09991480410099e-06,16
621,65533,3.600027412176132e-06,16
622,703745,2.400018274784088e-06,12
623,762636,3.2999087125062943e-06,14
624,964895,2.300017513334751e-06,12
625,694160,3.400025889277458e-06,14
626,145217,2.500019036233425e-06,13
627,697894,3.100023604929447e-06,11
628,139416,4.200031980872154e-06,16
629,542615,2.400018274784088e-06,12
630,690634,2.400018274784088e-06,12
631,168863,2.300017513334751e-06,12
632,502868,2.300017513334751e-06,12
633,844675,2.399901859462261e-06,12
634,289394,5.200039595365524e-06,13
635,946471,2.700020559132099e-06,12
636,645098,2.399901859462261e-06,12
637,355285,2.600019797682762e-06,12
638,863021,2.200016751885414e-06,12
639,383199,5.599926225841045e-06,20
640,596754,2.600019797682762e-06,12
641,402758,2.300017513334751e-06,10
642,739665,3.1999079510569572e-06,13
643,339357,2.500019036233425e-06,11
644,114961,3.500026650726795e-06,14
645,807703,4.299916326999664e-06,16
646,243089,3.100023604929447e-06,14
647,344571,4.300032742321491e-06,18
648,220818,3.00002284348011e-06,14
649,341546,3.400025889277458e-06,15
650,349262,2.800021320581436e-06,14
651,424214,2.800021320581436e-06,12
652,885947,2.900022082030773e-06,14
653,253959,2.400018274784088e-06,11
654,279940,1.999898813664913e-06,9
655,321377,2.600019797682762e-06,10
656,457484,3.100023604929447e-06,14
657,951966,3.1999079510569572e-06,14
658,403251,2.100015990436077e-06,12
659,851516,2.800021320581436e-06,12
660,995600,3.300025127828121e-06,14
661,836309,2.400018274784088e-06,12
662,313027,3.600027412176132e-06,14
663,158475,2.800021320581436e-06,14
664,215066,3.400025889277458e-06,14
665,659743,2.300017513334751e-06,10
666,687410,3.600027412176132e-06,14
667,942676,2.300017513334751e-06,12
668,550709,3.900029696524143e-06,13
669,501898,4.399917088449001e-06,12
670,31156,3.700028173625469e-06,14
671,224917,3.100023604929447e-06,11
672,494889,2.800021320581436e-06,12
673,724256,2.300017513334751e-06,12
674,383860,3.700028173625469e-06,14
675,36887,2.200016751885414e-06,12
676,414349,3.8000289350748062e-06,16
677,652863,4.00003045797348e-06,16
678,219231,3.300025127828121e-06,14
679,559336,3.8000289350748062e-06,16
680,30745,2.300017513334751e-06,9
681,798038,2.400018274784088e-06,10
682,135649,3.00002284348011e-06,13
683,932596,3.600027412176132e-06,15
684,264365,2.400018274784088e-06,12
685,513257,4.100031219422817e-06,16
686,680694,4.299916326999664e-06,18
687,233173,3.200024366378784e-06,13
688,885148,3.600027412176132e-06,14
689,938003,2.6999041438102722e-06,10
690,396470,4.400033503770828e-06,18
691,536235,2.100015990436077e-06,12
692,407549,3.2999087125062943e-06,14
693,723908,2.500019036233425e-06,12
694,940420,2.600019797682762e-06,12
695,725405,3.1999079510569572e-06,13
696,87653,3.300025127828121e-06,14
697,981133,5.800044164061546e-06,20
698,117333,2.600019797682762e-06,11
699,123539,2.300017513334751e-06,10
700,907439,2.700020559132099e-06,12
701,527032,3.0999071896076202e-06,14
702,708505,6.100046448409557e-06,22
703,942623,3.200024366378784e-06,14
704,115225,2.600019797682762e-06,14
705,31255,4.800036549568176e-06,20
706,118079,2.8999056667089462e-06,11
707,742372,4.900037311017513e-06,18
708,30348,3.100023604929447e-06,14
709,947465,2.00001522898674e-06,10
710,336954,2.400018274784088e-06,12
711,814720,2.600019797682762e-06,12
712,89784,4.199915565550327e-06,16
713,717814,2.500019036233425e-06,12
714,257809,2.800021320581436e-06,14
715,582763,3.3999094739556313e-06,15
716,482161,2.500019036233425e-06,11
717,443995,2.600019797682762e-06,12
718,39095,2.6999041438102722e-06,12
719,873369,4.600035026669502e-06,16
720,579393,3.200024366378784e-06,14
721,567512,3.3999094739556313e-06,14
722,833798,2.800021320581436e-06,12
723,872076,2.900022082030773e-06,13
724,906228,2.6999041438102722e-06,13
725,740110,2.600019797682762e-06,12
726,322580,2.400018274784088e-06,12
727,525099,2.700020559132099e-06,12
728,934787,5.100038833916187e-06,18
729,413568,2.500019036233425e-06,11
730,148257,3.3999094739556313e-06,14
731,521372,2.300017513334751e-06,10
732,205618,2.800021320581436e-06,14
733,583841,6.4999330788850784e-06,20
734,602546,2.500019036233425e-06,12
735,211505,3.3999094739556313e-06,14
736,412013,4.100031219422817e-06,16
737,218952,3.00002284348011e-06,14
738,480504,2.7999049052596092e-06,12
739,809722,3.900029696524143e-06,16
740,194338,2.500019036233425e-06,12
741,526473,3.1999079510569572e-06,14
742,611687,2.400018274784088e-06,12
743,774686,3.900029696524143e-06,15
744,931724,3.5999109968543053e-06,14
745,56628,2.800021320581436e-06,14
746,923927,3.8000289350748062e-06,16
747,31752,2.8999056667089462e-06,13
748,462620,2.400018274784088e-06,12
749,717203,2.200016751885414e-06,12
750,234183,2.200016751885414e-06,12
751,909207,2.300017513334751e-06,12
752,245672,2.700020559132099e-06,14
753,505573,3.00002284348011e-06,11
754,991073,3.700028173625469e-06,16
755,109380,2.400018274784088e-06,12
756,424370,5.699926987290382e-06,18
757,468752,2.600019797682762e-06,12
758,621597,4.200031980872154e-06,15
759,968393,2.299901098012924e-06,12
760,919753,2.200016751885414e-06,12
761,650644,3.500026650726795e-06,14
762,72283,3.4999102354049683e-06,11
763,755303,3.500026650726795e-06,14
764,260263,2.400018274784088e-06,14
765,4790,2.200016751885414e-06,10
766,221299,2.500019036233425e-06,13
767,319768,2.300017513334751e-06,12
768,586938,3.300025127828121e-06,14
769,385375,2.09989957511425e-06,12
770,115828,2.400018274784088e-06,12
771,816902,3.200024366378784e-06,13
772,769105,3.7999125197529793e-06,14
773,6869,2.200016751885414e-06,12
774,608769,2.400018274784088e-06,12
775,402028,2.00001522898674e-06,11
776,878199,4.200031980872154e-06,16
777,187345,2.100015990436077e-06,12
778,577304,4.399917088449001e-06,18
779,323272,4.00003045797348e-06,16
780,236346,2.400018274784088e-06,12
781,446686,3.3999094739556313e-06,13
782,22063,2.600019797682762e-06,12
783,473657,3.100023604929447e-06,14
784,394637,2.599903382360935e-06,14
785,256198,2.400018274784088e-06,12
786,755252,2.600019797682762e-06,12
787,833571,2.400018274784088e-06,12
788,623883,4.00003045797348e-06,16
789,106392,2.500019036233425e-06,12
790,83371,2.600019797682762e-06,12
791,817190,2.500019036233425e-06,12
792,193522,3.600027412176132e-06,14
793,479148,2.900022082030773e-06,12
794,859746,2.09989957511425e-06,12
795,265433,4.00003045797348e-06,14
796,825029,2.900022082030773e-06,14
797,739534,2.599903382360935e-06,9
798,262297,3.100023604929447e-06,14
799,621959,2.800021320581436e-06,8
800,498915,2.7999049052596092e-06,14
801,569737,2.200016751885414e-06,12
802,934571,2.600019797682762e-06,12
803,710138,2.500019036233425e-06,12
804,949242,2.800021320581436e-06,12
805,463246,2.400018274784088e-06,12
806,842480,4.700035788118839e-06,17
807,565407,2.600019797682762e-06,12
808,641993,2.300017513334751e-06,12
809,230945,2.400018274784088e-06,10
810,718384,2.09989957511425e-06,12
811,85286,2.800021320581436e-06,12
812,615707,4.00003045797348e-06,16
813,467972,2.599903382360935e-06,12
814,638596,2.700020559132099e-06,12
815,413788,6.200047209858894e-06,22
816,681640,2.100015990436077e-06,11
817,950090,2.900022082030773e-06,13
818,616231,3.900029696524143e-06,16
819,858765,2.500019036233425e-06,12
820,126780,5.100038833916187e-06,18
821,331831,2.499902620911598e-06,12
822,851724,2.600019797682762e-06,12
823,755316,5.00003807246685e-06,18
824,162520,2.599903382360935e-06,12
825,695958,4.900037311017513e-06,18
826,406460,2.300017513334751e-06,12
827,560765,2.8999056667089462e-06,14
828,51200,2.00001522898674e-06,10
829,92397,3.600027412176132e-06,14
830,998277,2.300017513334751e-06,12
831,983000,3.00002284348011e-06,14
832,790592,3.00002284348011e-06,10
833,781692,3.999914042651653e-06,16
834,139587,2.800021320581436e-06,14
835,122280,4.600035026669502e-06,16
836,547654,2.399901859462261e-06,12
837,451031,2.600019797682762e-06,12
838,620692,3.8000289350748062e-06,16
839,924162,2.199900336563587e-06,12
840,779595,3.00002284348011e-06,14
841,385063,2.500019036233425e-06,12
842,440742,4.799920134246349e-06,18
843,445899,3.200024366378784e-06,14
844,786672,3.200024366378784e-06,14
845,298706,2.6999041438102722e-06,12
846,927564,2.500019036233425e-06,12
847,200375,4.400033503770828e-06,15
848,191572,3.1999079510569572e-06,14
849,7490,3.400025889277458e-06,14
850,471031,2.300017513334751e-06,12
851,489087,2.399901859462261e-06,12
852,44274,2.800021320581436e-06,12
853,753163,4.300032742321491e-06,16
854,485856,3.3999094739556313e-06,14
855,140011,3.8000289350748062e-06,16
856,663527,2.900022082030773e-06,12
857,716459,2.200016751885414e-06,12
858,929136,3.500026650726795e-06,14
859,617943,3.300025127828121e-06,13
860,220344,2.900022082030773e-06,14
861,892455,2.600019797682762e-06,12
862,292931,2.400018274784088e-06,9
863,411350,2.399901859462261e-06,12
864,808234,2.700020559132099e-06,12
865,142994,5.100038833916187e-06,18
866,966115,3.100023604929447e-06,12
867,542342,3.8000289350748062e-06,14
868,25812,3.200024366378784e-06,14
869,710448,3.200024366378784e-06,14
870,231751,3.400025889277458e-06,14
871,49413,4.199915565550327e-06,16
872,696926,5.00003807246685e-06,18
873,927864,2.800021320581436e-06,12
874,72289,2.199900336563587e-06,12
875,579744,3.400025889277458e-06,14
876,873405,2.900022082030773e-06,12
877,979977,4.899920895695686e-06,18
878,690297,4.200031980872154e-06,16
879,639733,3.400025889277458e-06,14
880,397847,4.100031219422817e-06,16
881,946636,2.400018274784088e-06,12
882,575124,2.600019797682762e-06,12
883,268635,3.300025127828121e-06,14
884,617998,2.00001522898674e-06,12
885,604896,3.600027412176132e-06,14
886,409291,2.500019036233425e-06,12
887,780363,2.600019797682762e-06,14
888,443562,3.500026650726795e-06,12
889,311264,2.599903382360935e-06,12
890,946600,4.300032742321491e-06,14
891,859144,4.199915565550327e-06,15
892,21924,2.300017513334751e-06,12
893,303207,2.500019036233425e-06,12
894,780009,4.199915565550327e-06,15
895,763123,2.300017513334751e-06,11
896,323120,2.700020559132099e-06,12
897,259853,3.3999094739556313e-06,16
898,104420,3.500026650726795e-06,16
899,228293,3.300025127828121e-06,14
900,870354,2.299901098012924e-06,12
901,968139,3.200024366378784e-06,14
902,952985,2.900022082030773e-06,14
903,871741,3.0999071896076202e-06,14
904,937268,2.300017513334751e-06,12
905,747749,3.600027412176132e-06,14
906,518006,6.3999323174357414e-06,21
907,731596,3.8000289350748062e-06,16
908,272231,3.7999125197529793e-06,16
909,994529,4.500034265220165e-06,18
910,885231,2.500019036233425e-06,12
911,271448,2.399901859462261e-06,12
912,858338,2.200016751885414e-06,9
913,615325,2.300017513334751e-06,12
914,633077,6.09993003308773e-06,20
915,786265,3.700028173625469e-06,14
916,499900,3.400025889277458e-06,15
917,38772,3.100023604929447e-06,14
918,759896,2.300017513334751e-06,7
919,542836,2.400018274784088e-06,12
920,137325,2.499902620911598e-06,12
921,265455,2.500019036233425e-06,11
922,636111,3.300025127828121e-06,14
923,482259,3.0999071896076202e-06,13
924,330348,2.600019797682762e-06,12
925,318440,4.800036549568176e-06,18
926,564713,2.8999056667089462e-06,13
927,270521,2.800021320581436e-06,14
928,460618,2.600019797682762e-06,13
929,196055,2.09989957511425e-06,12
930,36394,3.8000289350748062e-06,16
931,771377,3.200024366378784e-06,14
932,570547,2.7999049052596092e-06,12
933,857655,2.500019036233425e-06,12
934,729070,2.300017513334751e-06,12
935,601714,3.700028173625469e-06,14
936,784409,3.900029696524143e-06,16
937,751782,3.300025127828121e-06,14
938,65875,2.199900336563587e-06,12
939,325588,2.900022082030773e-06,14
940,892875,2.400018274784088e-06,12
941,617212,8.699949830770493e-06,22
942,393642,2.500019036233425e-06,12
943,781053,2.200016751885414e-06,12
944,293693,6.100046448409557e-06,20
945,229850,2.600019797682762e-06,11
946,2487,2.399901859462261e-06,12
947,668828,3.100023604929447e-06,14
948,506717,2.100015990436077e-06,12
949,480096,2.500019036233425e-06,12
950,182007,2.800021320581436e-06,14
951,588035,2.700020559132099e-06,12
952,227647,2.300017513334751e-06,11
953,392989,2.6999041438102722e-06,14
954,203101,2.500019036233425e-06,10
955,585798,2.900022082030773e-06,14
956,683230,2.6999041438102722e-06,12
957,197371,2.700020559132099e-06,14
958,311916,4.700035788118839e-06,18
959,721339,2.499902620911598e-06,12
960,950742,4.700035788118839e-06,18
961,35129,5.699926987290382e-06,22
962,826774,3.100023604929447e-06,14
963,257257,2.900022082030773e-06,14
964,775344,2.800021320581436e-06,14
965,588785,5.600042641162872e-06,20
966,296104,3.00002284348011e-06,14
967,600887,3.999914042651653e-06,16
968,531252,2.600019797682762e-06,12
969,366646,4.900037311017513e-06,18
970,335722,3.600027412176132e-06,14
971,664381,3.200024366378784e-06,14
972,733462,4.799920134246349e-06,18
973,221154,5.200039595365524e-06,18
974,811469,2.400018274784088e-06,12
975,89364,2.500019036233425e-06,12
976,238365,3.200024366378784e-06,16
977,567285,2.700020559132099e-06,13
978,97065,2.6999041438102722e-06,13
979,121944,2.800021320581436e-06,14
980,87708,4.300032742321491e-06,18
981,72862,5.699926987290382e-06,19
982,882132,3.700028173625469e-06,16
983,827250,5.899928510189056e-06,22
984,378587,3.700028173625469e-06,14
985,763327,3.500026650726795e-06,14
986,153824,3.900029696524143e-06,16
987,619913,3.8000289350748062e-06,16
988,426866,2.7999049052596092e-06,14
989,241741,2.200016751885414e-06,10
990,901935,4.200031980872154e-06,16
991,603525,2.400018274784088e-06,12
992,375368,3.600027412176132e-06,16
993,253070,2.400018274784088e-06,12
994,379692,2.100015990436077e-06,12
995,441861,2.09989957511425e-06,12
996,699495,3.100023604929447e-06,14
997,944779,3.100023604929447e-06,14
998,722725,3.999914042651653e-06,15
999,121352,3.200024366378784e-06,14
1000,603268,3.100023604929447e-06,14
